iter	RMSE
0	16.17990678
1	13.00374399
2	11.39233581
3	10.06406895
4	8.988434478
5	8.424011995
6	7.760957094
7	7.295796137
8	6.828331786
9	6.274058231
