iter	RMSE
0	19.75565827
1	16.11058384
2	13.34737204
3	11.55467454
4	9.987292532
5	9.445508792
6	8.957048748
7	8.535285007
8	8.271504053
9	7.727522752
